{"lr": 0.009995099242686763, "data_time": 0.002383518218994141, "loss": 1.3772730112075806, "decode.loss_ce": 0.9074367582798004, "decode.acc_seg": 57.69538879394531, "aux.loss_ce": 0.46983625888824465, "aux.acc_seg": 34.30032730102539, "time": 0.1686708450317383, "memory": 18585, "step": 23}
{"lr": 0.009989084308262066, "data_time": 0.0023250579833984375, "loss": 1.2740992963314057, "decode.loss_ce": 0.9198258280754089, "decode.acc_seg": 64.98641967773438, "aux.loss_ce": 0.35427346229553225, "aux.acc_seg": 81.85138702392578, "time": 0.1692800760269165, "memory": 5928, "step": 50}
{"lr": 0.00997794446709763, "data_time": 0.0025148391723632812, "loss": 0.9460831224918366, "decode.loss_ce": 0.6789337813854217, "decode.acc_seg": 61.19489669799805, "aux.loss_ce": 0.2671493351459503, "aux.acc_seg": 63.74397277832031, "time": 0.16825132369995116, "memory": 5928, "step": 100}
{"lr": 0.009966803229875268, "data_time": 0.0025530576705932615, "loss": 0.6396847516298294, "decode.loss_ce": 0.4422437012195587, "decode.acc_seg": 85.12544250488281, "aux.loss_ce": 0.1974410355091095, "aux.acc_seg": 89.97621154785156, "time": 0.16898720264434813, "memory": 5928, "step": 150}
{"lr": 0.009955660594668054, "data_time": 0.0022312402725219727, "loss": 0.7513373047113419, "decode.loss_ce": 0.5379097372293472, "decode.acc_seg": 82.62081146240234, "aux.loss_ce": 0.21342756301164628, "aux.acc_seg": 80.56621551513672, "time": 0.16709728240966798, "memory": 5928, "step": 200}
{"lr": 0.00994451655954398, "data_time": 0.0024790525436401366, "loss": 0.6960274875164032, "decode.loss_ce": 0.4900606408715248, "decode.acc_seg": 74.16973114013672, "aux.loss_ce": 0.20596683621406556, "aux.acc_seg": 68.776611328125, "time": 0.16740815639495848, "memory": 5928, "step": 250}
