{"aAcc": 94.09, "mIoU": 71.75, "mAcc": 79.74, "data_time": 0.12752791012034698, "time": 0.7230643805335549}