{"coco/bbox_mAP": 0.79, "coco/bbox_mAP_50": 0.966, "coco/bbox_mAP_75": 0.966, "coco/bbox_mAP_s": -1.0, "coco/bbox_mAP_m": -1.0, "coco/bbox_mAP_l": 0.79, "data_time": 0.4206005876714533, "time": 0.4622478268363259}