{"coco/AP": 0.7520651466653088, "coco/AP .5": 1.0, "coco/AP .75": 0.9404172560113153, "coco/AP (M)": -1.0, "coco/AP (L)": 0.7520651466653088, "coco/AR": 0.7976190476190477, "coco/AR .5": 1.0, "coco/AR .75": 0.9523809523809523, "coco/AR (M)": -1.0, "coco/AR (L)": 0.7976190476190477, "PCK": 0.9739229024943311, "AUC": 0.13361678004535146, "NME": 0.03928077680453692, "data_time": 1.451743205388387, "time": 1.4961727062861125}